{"loc_fscore": 0.3592838463085898, "loc_fscore_shore": 0.1929170549860205, "vessel_fscore": 0.7156789197299326, "fishing_fscore": 0.10837438423645321, "length_acc": 0.4887684809011533, "aggregate": 0.18005429764548211}