{"loc_fscore": 0.6039345816544205, "loc_fscore_shore": 0.2994090610636901, "vessel_fscore": 0.6966998428496595, "fishing_fscore": 0.20973782771535582, "length_acc": 0.626950772889002, "aggregate": 0.34216487516051763}