{"loc_fscore": 0.6811311555338859, "loc_fscore_shore": 0.45870307167235497, "vessel_fscore": 0.793418647166362, "fishing_fscore": 0.28421052631578947, "length_acc": 0.6665433935708155, "aggregate": 0.43631567696726226}